	AAPL	SPY	TSLA	YETI	MSFT	NVDA
AAPL	0.003615	0.000789	0.003052	0.002181	0.000422	0.000811
SPY	0.000789	0.001225	0.002006	0.001676	0.001596	0.002655
TSLA	0.003052	0.002006	0.024386	0.005601	0.002744	-0.001649
YETI	0.002181	0.001676	0.005601	0.010040	0.001571	0.001293
MSFT	0.000422	0.001596	0.002744	0.001571	0.003953	0.005289
NVDA	0.000811	0.002655	-0.001649	0.001293	0.005289	0.014091
