asset	estimated_return
YETI	-0.002113
AAPL	0.016670
MSFT	0.020324
SPY	0.020767
TSLA	0.034135
NVDA	0.070501
