asset	estimated_return
AAPL	0.0169678161816905
SPY	0.020757958240110504
TSLA	0.036103100463761584
YETI	-0.002162789962654258
MSFT	0.019235901942561223
NVDA	0.06956661527010512
