asset	probability
AAPL	0.002000
SPY	0.001000
TSLA	0.186000
YETI	0.001000
MSFT	0.000000
NVDA	0.810000
