asset	allocation
AAPL	0.000000
SPY	0.000000
TSLA	0.000000
YETI	0.000000
MSFT	0.000000
NVDA	1.000000
