asset	allocation
YETI	0.000000
AAPL	0.000000
MSFT	0.000000
SPY	0.000000
TSLA	0.000000
NVDA	1.000000
