asset	allocation
AAPL	0.1345446453564426
SPY	0.8654553546435575
TSLA	-1.9578451426408968e-21
YETI	-1.4147512600676793e-20
MSFT	-4.997472045528105e-20
NVDA	-6.419998710333524e-20
