asset	allocation
AAPL	0.126605
SPY	1.151507
TSLA	-0.081720
YETI	-0.080394
MSFT	0.084251
NVDA	-0.200250
